{
    "10.3.141.106": {
        "msg_data": [
            250,
            1448,
            2156,
            1331,
            2376,
            33,
            142,
            33,
            78,
            33,
            65,
            33,
            61,
            98,
            33,
            61,
            98,
            33,
            61,
            98,
            33,
            61,
            33,
            65,
            33,
            61,
            33,
            65,
            33,
            61,
            33,
            65,
            33,
            61,
            33,
            65
        ],
        "timestamp_data": [
            1715808926.9253516,
            1715808926.9374738,
            1715808926.9381607,
            1715808926.977771,
            1715808926.9873888,
            1715808927.0475974,
            1715808927.092579,
            1715808927.1886764,
            1715808927.189308,
            1715808927.226933,
            1715808927.2298627,
            1715808956.0062811,
            1715808956.0090187,
            1715808956.0234187,
            1715808985.006655,
            1715808985.0526164,
            1715808985.0634341,
            1715809014.012561,
            1715809014.0578673,
            1715809014.0718489,
            1715809043.010056,
            1715809043.0566733,
            1715809043.07147,
            1715809043.0721266,
            1715809072.0115337,
            1715809072.0576968,
            1715809072.0714176,
            1715809072.0720706,
            1715809101.0053058,
            1715809101.0526292,
            1715809101.0633042,
            1715809101.0639074,
            1715809129.998262,
            1715809130.0467238,
            1715809130.055286,
            1715809130.0560071
        ]
    },
    "10.3.141.126": {
        "msg_data": [
            118,
            146,
            339,
            147,
            6,
            45,
            224,
            821,
            167,
            1448,
            4580,
            143,
            51,
            51,
            221,
            75,
            315,
            315,
            1448,
            2896,
            4344,
            1592,
            33,
            1592,
            34,
            68,
            75,
            51,
            34,
            126,
            51,
            51,
            421,
            841,
            752,
            729,
            799,
            1256,
            743,
            731,
            729,
            1157,
            729,
            743,
            597,
            631,
            743,
            1757,
            729,
            729,
            604,
            729,
            31,
            31,
            31
        ],
        "timestamp_data": [
            1715808928.0258443,
            1715808928.0306249,
            1715808986.4197512,
            1715808986.494796,
            1715808986.5034678,
            1715808986.5046508,
            1715808986.5071409,
            1715808987.0134704,
            1715808987.2132316,
            1715808987.3026898,
            1715808987.303377,
            1715808987.512685,
            1715808987.514142,
            1715808987.7255337,
            1715808987.7802114,
            1715808987.7883582,
            1715808987.8954012,
            1715808987.8968585,
            1715808987.9846718,
            1715808987.986319,
            1715808987.9867525,
            1715808987.9893463,
            1715808987.9896574,
            1715808987.9900594,
            1715808987.9921064,
            1715808988.1745157,
            1715808988.175117,
            1715808988.1770382,
            1715808988.2604387,
            1715808988.280567,
            1715808988.3475037,
            1715808988.364799,
            1715808988.4453585,
            1715808988.4456449,
            1715808988.5952892,
            1715808988.5975862,
            1715808988.6142054,
            1715808988.615716,
            1715808988.7217846,
            1715808988.7917259,
            1715808988.8847957,
            1715808988.9289072,
            1715808988.9750996,
            1715808989.0252693,
            1715808989.1087015,
            1715808989.1127665,
            1715808989.224662,
            1715808989.3045404,
            1715808989.3103259,
            1715808989.5479887,
            1715808989.6444023,
            1715808989.7761729,
            1715809047.0160248,
            1715809069.5486042,
            1715809069.7794566
        ]
    },
    "10.3.141.92": {
        "msg_data": [
            92,
            1448,
            1394,
            12,
            75,
            6,
            85,
            91,
            581,
            117,
            101,
            325,
            101,
            213,
            85,
            117,
            117,
            96,
            1448,
            2041,
            101,
            69,
            75,
            91,
            91,
            197,
            245,
            149,
            117,
            69,
            101,
            69
        ],
        "timestamp_data": [
            1715808930.227501,
            1715808930.3150978,
            1715808930.3156729,
            1715808933.4917839,
            1715808934.8348277,
            1715808934.8501658,
            1715808934.8599901,
            1715808934.8855743,
            1715808934.9196723,
            1715808935.0915718,
            1715808936.1090593,
            1715808936.1098125,
            1715808936.1131172,
            1715808936.128749,
            1715808936.130374,
            1715808936.1369228,
            1715808936.2623396,
            1715808936.3737848,
            1715808936.38478,
            1715808936.3853858,
            1715808937.1376748,
            1715808937.1552196,
            1715808937.842236,
            1715808937.8933764,
            1715808937.901454,
            1715808937.9774876,
            1715808937.986961,
            1715808938.0896142,
            1715808938.1435363,
            1715809027.986776,
            1715809046.5513334,
            1715809046.5684927
        ]
    },
    "10.3.141.193": {
        "msg_data": [
            163,
            3077,
            267,
            91,
            91,
            517,
            133,
            101,
            85,
            101,
            85,
            101,
            85
        ],
        "timestamp_data": [
            1715808937.4898603,
            1715808937.5010352,
            1715808937.631358,
            1715808937.6835718,
            1715808937.6922247,
            1715808937.6993058,
            1715808937.710093,
            1715808992.7180266,
            1715808992.7299128,
            1715809047.742777,
            1715809047.7531803,
            1715809102.7611814,
            1715809102.771167
        ]
    },
    "10.3.141.246": {
        "msg_data": [
            197,
            97,
            197,
            97,
            197,
            97,
            378,
            49,
            442,
            49,
            217,
            49,
            216,
            49,
            206,
            49,
            197,
            97,
            431,
            33,
            206,
            63,
            197,
            97,
            197,
            97,
            197,
            97
        ],