{
    "10.3.141.126": {
        "msg_data": [
            339,
            1448,
            4493,
            75,
            51,
            51,
            224,
            783,
            34,
            167,
            1448,
            4580,
            143,
            51,
            51,
            217,
            75,
            33,
            34,
            68,
            34,
            31
        ],
        "timestamp_data": [
            1715726477.6728263,
            1715726477.746188,
            1715726477.7472172,
            1715726477.8148084,
            1715726477.8155036,
            1715726477.957866,
            1715726477.9651875,
            1715726478.4057906,
            1715726478.4071293,
            1715726478.6220005,
            1715726478.711629,
            1715726478.712578,
            1715726478.8507843,
            1715726478.8528564,
            1715726479.0416372,
            1715726479.057045,
            1715726479.065709,
            1715726479.261908,
            1715726479.2759163,
            1715726479.2787852,
            1715726479.358416,
            1715726538.4084551
        ]
    },
    "10.3.141.106": {
        "msg_data": [
            250,
            1448,
            2156,
            1331,
            1448,
            928,
            33,
            142,
            33,
            78,
            33,
            65,
            33,
            61,
            33,
            65,
            33,
            61,
            33,
            65
        ],
        "timestamp_data": [
            1715726478.2349555,
            1715726478.2476156,
            1715726478.2483277,
            1715726478.2919512,
            1715726478.3018146,
            1715726478.3024805,
            1715726478.361251,
            1715726478.410892,
            1715726478.4335637,
            1715726478.434306,
            1715726478.481803,
            1715726478.5244772,
            1715726507.3198235,
            1715726507.322457,
            1715726507.3373158,
            1715726507.3381615,
            1715726536.3268714,
            1715726536.3719158,
            1715726536.3875663,
            1715726536.388462
        ]
    },
    "10.3.141.246": {
        "msg_data": [
            197,
            97,
            197,
            97,
            197,
            97,
            431,
            33
        ],
        "timestamp_data": [
            1715726478.405188,
            1715726478.4798164,
            1715726508.4951112,
            1715726508.5730774,
            1715726538.5910292,
            1715726538.6655195,
            1715726550.9569905,
            1715726551.0335724
        ]
    },
    "10.3.141.92": {
        "msg_data": [
            92,
            2843,
            12,
            75,
            6,
            85,
            91,
            581,
            117,
            101,
            426,
            213,
            117,
            149,
            85,
            117,
            96,
            1448,
            2041,
            101,
            69,
            75,
            91,
            91,
            197,
            245,
            149,
            117
        ],
        "timestamp_data": [
            1715726481.486749,
            1715726481.5098438,
            1715726484.431214,
            1715726485.7845573,
            1715726485.7985282,
            1715726485.8082924,
            1715726485.839721,
            1715726485.8718708,
            1715726486.0449324,
            1715726487.0407863,
            1715726487.20297,
            1715726487.2559874,
            1715726487.2622106,
            1715726487.2713661,
            1715726487.403773,
            1715726487.561214,
            1715726487.6264982,
            1715726487.6380997,
            1715726487.6387687,
            1715726488.4052596,
            1715726488.4247885,
            1715726489.094869,
            1715726489.1422625,
            1715726489.1514823,
            1715726489.2306767,
            1715726489.2397509,
            1715726489.3440974,
            1715726489.3981316
        ]
    },
    "10.3.141.188": {
        "msg_data": [
            163,
            1448,
            1629,
            267,
            91,
            91,
            533,
            133,
            101,
            85
        ],
        "timestamp_data": [
            1715726483.737606,
            1715726483.7481825,
            1715726483.7487974,
            1715726483.8757632,
            1715726484.0343475,
            1715726484.0435083,
            1715726484.0524278,
            1715726484.062862,
            1715726546.8573565,
            1715726546.8665693
        ]
    },
    "10.3.141.193": {
        "msg_data": [
            163,
            1448,
            1629,
            267,
            91,
            91,
            517,
            133,
            101,
            85
        ],
        "timestamp_data": [
            1715726486.396498,
            1715726486.4062629,
            1715726486.406901,
            1715726486.5275288,
            1715726486.5789638,
            1715726486.587436,
            1715726486.5941432,
            1715726486.604134,
            1715726542.0339382,
            1715726542.0439131
        ]
    }
}