{
    "10.3.141.126": {
        "msg_data": [
            315,
            1448,
            2896,
            1592,
            126,
            51,
            1286,
            709,
            34,
            118,
            146,
            339,
            5941,
            75,
            51,
            51,
            224,
            825,
            167,
            1448,
            4580,
            143,
            51,
            51,
            225,
            75,
            421,
            315,
            789,
            34,
            799,
            4344,
            33,
            1592,
            34,
            68,
            729,
            75,
            6,
            45,
            1256,
            34,
            709,
            34,
            51,
            731,
            841,
            695,
            34,
            729,
            597,
            1157,
            743,
            631,
            729,
            743,
            1448,
            309,
            695,
            34,
            604,
            695,
            34,
            31,
            31,
            31
        ],
        "timestamp_data": [
            1716140447.3270297,
            1716140447.4110062,
            1716140447.4151618,
            1716140447.415819,
            1716140447.4794717,
            1716140447.562187,
            1716140447.5703337,
            1716140447.6718597,
            1716140447.672513,
            1716140448.034401,
            1716140448.0406003,
            1716140506.3619812,
            1716140506.4392686,
            1716140506.51598,
            1716140506.5165453,
            1716140506.6641312,
            1716140506.6714158,
            1716140506.9980755,
            1716140507.1357458,
            1716140507.226529,
            1716140507.2271976,
            1716140507.359215,
            1716140507.3605678,
            1716140507.5535498,
            1716140507.5990028,
            1716140507.6092744,
            1716140507.6166146,
            1716140507.7191596,
            1716140507.749704,
            1716140507.7501733,
            1716140507.759348,
            1716140507.8039052,
            1716140507.8053982,
            1716140507.806783,
            1716140507.818086,
            1716140507.826695,
            1716140507.8532548,
            1716140507.8704438,
            1716140507.8718622,
            1716140507.8724232,
            1716140507.8736901,
            1716140507.915777,
            1716140507.9744585,
            1716140507.9750786,
            1716140508.036409,
            1716140508.036988,
            1716140508.0420015,
            1716140508.1299589,
            1716140508.1305826,
            1716140508.1814442,
            1716140508.1853623,
            1716140508.1885478,
            1716140508.2866743,
            1716140508.298799,
            1716140508.3739982,
            1716140508.411444,
            1716140508.449021,
            1716140508.4499326,
            1716140508.5591953,
            1716140508.5597796,
            1716140508.5733354,
            1716140508.8149354,
            1716140508.8155193,
            1716140566.997918,
            1716140588.414981,
            1716140588.8181963
        ]
    },
    "10.3.141.106": {
        "msg_data": [
            517,
            3483,
            126,
            51,
            255,
            496,
            31,
            250,
            1448,
            2156,
            1331,
            2376,
            33,
            142,
            33,
            78,
            33,
            65,
            33,
            61,
            33,
            65,
            33,
            61,
            33,
            65,
            33,
            250,
            1448,
            2156,
            1331,
            2376,
            33,
            142,
            33,
            78,
            33,
            65,
            33,
            33,
            61,
            33,
            65,
            33,
            250,
            1448,
            2156,
            1331,
            2376,
            33,
            142,
            33,
            78,
            33,
            65,
            33,
            33,
            61,
            33,
            65,
            33,
            61,
            33,
            65,
            33,
            61,
            98,
            33,
            61,
            98,
            33,
            61,
            33,
            65,
            33,
            61,
            98,
            33,
            61,
            33,
            65
        ],
        "timestamp_data": [
            1716140448.2800634,
            1716140448.289892,
            1716140448.3052046,
            1716140448.3136542,
            1716140448.3183296,
            1716140448.4035385,
            1716140448.4113708,
            1716140448.8399332,
            1716140448.8526304,
            1716140448.8542225,
            1716140448.8943546,
            1716140448.9045582,
            1716140448.967377,
            1716140449.0548048,
            1716140449.078051,
            1716140449.078588,
            1716140449.1804523,
            1716140449.222867,
            1716140477.9290922,
            1716140477.9308248,
            1716140477.9458907,
            1716140477.94695,
            1716140506.9303107,
            1716140506.977587,
            1716140506.9918208,
            1716140506.9925997,
            1716140535.9293618,
            1716140546.5338063,
            1716140546.5454955,
            1716140546.546303,
            1716140546.596309,
            1716140546.606538,
            1716140546.6629388,
            1716140546.709561,
            1716140546.7323167,
            1716140546.7333024,
            1716140546.772479,
            1716140546.819595,
            1716140566.9925578,
            1716140575.62213,
            1716140575.6415691,
            1716140575.6501439,
            1716140575.6508749,
            1716140604.6236694,
            1716140615.2218676,
            1716140615.2326777,
            1716140615.2335804,
            1716140615.272128,
            1716140615.2812643,
            1716140615.3381867,
            1716140615.3855534,
            1716140615.411896,
            1716140615.4125001,
            1716140615.4521458,
            1716140615.4974725,
            1716140635.651078,
            1716140644.298867,
            1716140644.3005905,
            1716140644.3137348,
            1716140644.3143346,
            1716140673.3028584,
            1716140673.3496153,
            1716140673.3598747,
            1716140673.360606,
            1716140702.318675,
            1716140702.368458,
            1716140702.3803144,
            1716140731.306623,
            1716140731.3543246,
            1716140731.3641837,
            1716140760.30696,
            1716140760.3536007,
            1716140760.3660479,
            1716140760.3669071,
            1716140789.3049076,
            1716140789.4172275,
            1716140789.4252017,
            1716140818.3051918,
            1716140818.3539577,
            1716140818.3686337,
            1716140818.3693879
        ]
    },
    "10.3.141.188": {
        "msg_data": [
            163,
            3077,
            267,
            91,
            91,
            533,
            133,
            101,
            85,
            101,
            85,
            101,
            85,
            101,
            85,
            101,
            85,
            101,
            85
        ],