{
    "original_average_interval": 6.981429123663688,
    "original_max_interval": 20.295523643493652,
    "optimized_average_interval": 6.982765330924644,
    "optimized_max_interval": 20.295523643493652,
    "optimized_delays": {
        "10.3.141.246": -0.05991678858794269,
        "10.3.141.106": 0.08971990575435232,
        "10.3.141.188": 0.041819217451197155,
        "10.3.141.127": 0.0884023263359956
    }
}