{
    "T0": 1716140731.3641837,
    "deltas": [
        [
            "KA22_10.3.141.127",
            5.952198028564453
        ],
        [
            "KA5_10.3.141.188",
            18.499090909957886
        ],
        [
            "KA11_10.3.141.246",
            20.236501216888428
        ]
    ],
    "optimized_deltas": [
        0.0,
        0.0,
        7.100097954807696
    ],
    "optimized_value": 64.13676638459572
}