{
    "T0": 1715794605.6968117,
    "deltas": [
        [
            "KA4_10.3.141.188",
            1.731459379196167
        ],
        [
            "KA12_10.3.141.106",
            7.653142690658569
        ],
        [
            "KA44_10.3.141.127",
            12.548943519592285
        ]
    ],
    "optimized_deltas": [
        0.0,
        3.3333367154504483,
        11.000000057027467
    ],
    "optimized_value": 60.83889832843604
}