{
    "T0": 1715808327.607932,
    "deltas": [
        [
            "KA57_10.3.141.127",
            7.858393907546997
        ],
        [
            "KA29_10.3.141.246",
            14.513816356658936
        ],
        [
            "KA14_10.3.141.188",
            29.903979063034058
        ]
    ],
    "optimized_deltas": [
        0.0,
        7.0,
        22.00000001
    ],
    "optimized_value": 54.833333356666635
}