{
    "T0": 1716143776.3584526,
    "deltas": [
        [
            "KA286_10.3.141.127",
            12.52010726928711
        ],
        [
            "KA112_10.3.141.246",
            14.990367889404297
        ],
        [
            "KA61_10.3.141.193",
            30.55862069129944
        ],
        [
            "KA56_10.3.141.188",
            53.52981686592102
        ],
        [
            "KA32_10.3.141.92",
            73.66520690917969
        ]
    ],
    "optimized_deltas": [
        0.0,
        1.1685833708055609,
        12.300170453817254,
        30.0,
        52.352797431116905
    ],
    "optimized_value": 43.85805671836007
}